<?xml version="1.0" encoding="UTF-8"?>
<java version="1.8.0_121" class="java.beans.XMLDecoder">
 <object class="java.util.ArrayList">
  <void method="add">
   <object class="biblioteca.Emprestimo">
    <void property="obra">
     <object class="biblioteca.Livro">
      <void property="ISBN">
       <string>1</string>
      </void>
      <void property="ano">
       <int>1998</int>
      </void>
      <void property="autor">
       <string>JK</string>
      </void>
      <void property="categoria">
       <string>F</string>
      </void>
      <void property="cdBarra">
       <int>1</int>
      </void>
      <void property="editora">
       <string>Rocco</string>
      </void>
      <void property="nroExemplares">
       <int>1</int>
      </void>
      <void property="nroPatrimonio">
       <int>1</int>
      </void>
      <void property="numPaginas">
       <int>264</int>
      </void>
      <void property="titulo">
       <string>HP</string>
      </void>
     </object>
    </void>
    <void property="pessoa">
     <object class="biblioteca.Pessoa">
      <void property="CPF">
       <int>123</int>
      </void>
      <void property="dataNascimento">
       <object class="java.util.Date">
        <long>912816000000</long>
       </object>
      </void>
      <void property="multa">
       <int>15</int>
      </void>
      <void property="nome">
       <string>Katia</string>
      </void>
     </object>
    </void>
    <void property="previsaoDataDevolucao">
     <object class="java.util.Date">
      <long>1495065600000</long>
     </object>
    </void>
   </object>
  </void>
  <void method="add">
   <object class="biblioteca.Emprestimo">
    <void property="obra">
     <object class="biblioteca.Livro">
      <void property="ISBN">
       <string>1</string>
      </void>
      <void property="ano">
       <int>1998</int>
      </void>
      <void property="autor">
       <string>B</string>
      </void>
      <void property="categoria">
       <string>F</string>
      </void>
      <void property="cdBarra">
       <int>2</int>
      </void>
      <void property="editora">
       <string>BCB</string>
      </void>
      <void property="nroExemplares">
       <int>1</int>
      </void>
      <void property="nroPatrimonio">
       <int>1</int>
      </void>
      <void property="numPaginas">
       <int>500</int>
      </void>
      <void property="titulo">
       <string>AA</string>
      </void>
     </object>
    </void>
    <void property="pessoa">
     <object class="biblioteca.Pessoa">
      <void property="CPF">
       <int>456</int>
      </void>
      <void property="dataNascimento">
       <object class="java.util.Date">
        <long>889747200000</long>
       </object>
      </void>
      <void property="nome">
       <string>Maiara</string>
      </void>
     </object>
    </void>
    <void property="previsaoDataDevolucao">
     <object class="java.util.Date">
      <long>1495065600000</long>
     </object>
    </void>
   </object>
  </void>
 </object>
</java>
