<?xml version="1.0" encoding="UTF-8"?>
<java version="1.8.0_121" class="java.beans.XMLDecoder">
 <object class="java.util.ArrayList">
  <void method="add">
   <object class="biblioteca.Livro">
    <void property="ISBN">
     <string>1</string>
    </void>
    <void property="ano">
     <int>1998</int>
    </void>
    <void property="autor">
     <string>JK</string>
    </void>
    <void property="categoria">
     <string>F</string>
    </void>
    <void property="cdBarra">
     <int>1</int>
    </void>
    <void property="editora">
     <string>Rocco</string>
    </void>
    <void property="nroExemplares">
     <int>1</int>
    </void>
    <void property="nroPatrimonio">
     <int>1</int>
    </void>
    <void property="numPaginas">
     <int>264</int>
    </void>
    <void property="reservado">
     <boolean>true</boolean>
    </void>
    <void property="titulo">
     <string>HP</string>
    </void>
   </object>
  </void>
  <void method="add">
   <object class="biblioteca.Livro">
    <void property="ISBN">
     <string>1</string>
    </void>
    <void property="ano">
     <int>1998</int>
    </void>
    <void property="autor">
     <string>B</string>
    </void>
    <void property="categoria">
     <string>F</string>
    </void>
    <void property="cdBarra">
     <int>3</int>
    </void>
    <void property="editora">
     <string>BCB</string>
    </void>
    <void property="nroExemplares">
     <int>1</int>
    </void>
    <void property="nroPatrimonio">
     <int>1</int>
    </void>
    <void property="numPaginas">
     <int>500</int>
    </void>
    <void property="titulo">
     <string>AA</string>
    </void>
   </object>
  </void>
  <void method="add">
   <object class="biblioteca.Livro">
    <void property="ISBN">
     <string>1</string>
    </void>
    <void property="ano">
     <int>1998</int>
    </void>
    <void property="autor">
     <string>B</string>
    </void>
    <void property="categoria">
     <string>F</string>
    </void>
    <void property="cdBarra">
     <int>2</int>
    </void>
    <void property="editora">
     <string>BCB</string>
    </void>
    <void property="nroExemplares">
     <int>1</int>
    </void>
    <void property="nroPatrimonio">
     <int>1</int>
    </void>
    <void property="numPaginas">
     <int>500</int>
    </void>
    <void property="reservado">
     <boolean>true</boolean>
    </void>
    <void property="titulo">
     <string>AA</string>
    </void>
   </object>
  </void>
  <void method="add">
   <object class="biblioteca.Livro">
    <void property="ISBN">
     <string>1</string>
    </void>
    <void property="ano">
     <int>1998</int>
    </void>
    <void property="autor">
     <string>B</string>
    </void>
    <void property="categoria">
     <string>F</string>
    </void>
    <void property="cdBarra">
     <int>3</int>
    </void>
    <void property="editora">
     <string>BCB</string>
    </void>
    <void property="nroExemplares">
     <int>1</int>
    </void>
    <void property="nroPatrimonio">
     <int>1</int>
    </void>
    <void property="numPaginas">
     <int>500</int>
    </void>
    <void property="reservado">
     <boolean>true</boolean>
    </void>
    <void property="titulo">
     <string>AA</string>
    </void>
   </object>
  </void>
  <void method="add">
   <object class="biblioteca.Livro">
    <void property="CD">
     <object class="biblioteca.Cd">
      <void property="ano">
       <int>1998</int>
      </void>
      <void property="autor">
       <string>Katia</string>
      </void>
      <void property="categoria">
       <string>F</string>
      </void>
      <void property="cdBarra">
       <int>5</int>
      </void>
      <void property="duracao">
       <float>2.0</float>
      </void>
      <void property="titulo">
       <string>CD</string>
      </void>
     </object>
    </void>
    <void property="ISBN">
     <string>1</string>
    </void>
    <void property="ano">
     <int>1998</int>
    </void>
    <void property="autor">
     <string>B</string>
    </void>
    <void property="categoria">
     <string>F</string>
    </void>
    <void property="cdBarra">
     <int>2</int>
    </void>
    <void property="editora">
     <string>BCB</string>
    </void>
    <void property="nroExemplares">
     <int>1</int>
    </void>
    <void property="nroPatrimonio">
     <int>1</int>
    </void>
    <void property="numPaginas">
     <int>500</int>
    </void>
    <void property="titulo">
     <string>AA</string>
    </void>
   </object>
  </void>
  <void method="add">
   <object class="biblioteca.Cd">
    <void property="ano">
     <int>1998</int>
    </void>
    <void property="autor">
     <string>Maiara</string>
    </void>
    <void property="categoria">
     <string>F</string>
    </void>
    <void property="cdBarra">
     <int>5</int>
    </void>
    <void property="duracao">
     <float>2.0</float>
    </void>
    <void property="titulo">
     <string>CD</string>
    </void>
   </object>
  </void>
 </object>
</java>
