<?xml version="1.0" encoding="UTF-8"?>
<java version="1.8.0_121" class="java.beans.XMLDecoder">
 <object class="java.util.ArrayList">
  <void method="add">
   <object class="biblioteca.Pessoa">
    <void property="CPF">
     <int>123</int>
    </void>
    <void property="dataNascimento">
     <object class="java.util.Date">
      <long>912816000000</long>
     </object>
    </void>
    <void property="multa">
     <int>15</int>
    </void>
    <void property="nome">
     <string>Katia</string>
    </void>
   </object>
  </void>
  <void method="add">
   <object class="biblioteca.Pessoa">
    <void property="CPF">
     <int>456</int>
    </void>
    <void property="dataNascimento">
     <object class="java.util.Date">
      <long>889747200000</long>
     </object>
    </void>
    <void property="nome">
     <string>Maiara</string>
    </void>
   </object>
  </void>
 </object>
</java>
