<?xml version="1.0" encoding="UTF-8"?>
<project-private xmlns="http://www.netbeans.org/ns/project-private/1">
    <editor-bookmarks xmlns="http://www.netbeans.org/ns/editor-bookmarks/2" lastBookmarkId="0"/>
    <open-files xmlns="http://www.netbeans.org/ns/projectui-open-files/2">
        <group>
            <file>file:/home/friend/NetBeansProjects/simuladorv2-with-screen-and-DAO/src/dao/CarroDAO2.java</file>
            <file>file:/home/friend/NetBeansProjects/simuladorv2-with-screen-and-DAO/src/model/Carro.java</file>
            <file>file:/home/friend/NetBeansProjects/simuladorv2-with-screen-and-DAO/src/test/TestaCarroDAO.java</file>
            <file>file:/home/friend/NetBeansProjects/simuladorv2-with-screen-and-DAO/src/dao/CarroDAO.java</file>
        </group>
    </open-files>
</project-private>
