<?xml version="1.0" encoding="UTF-8"?>
<project-private xmlns="http://www.netbeans.org/ns/project-private/1">
    <editor-bookmarks xmlns="http://www.netbeans.org/ns/editor-bookmarks/2" lastBookmarkId="0"/>
    <open-files xmlns="http://www.netbeans.org/ns/projectui-open-files/2">
        <group>
            <file>file:/local/home/tads/NetBeansProjects/Biblioteca/src/biblioteca/Emprestimo.java</file>
            <file>file:/local/home/tads/NetBeansProjects/Biblioteca/src/biblioteca/LivroForm.java</file>
            <file>file:/local/home/tads/NetBeansProjects/Biblioteca/src/biblioteca/Obra.java</file>
            <file>file:/local/home/tads/NetBeansProjects/Biblioteca/src/biblioteca/Consultas.java</file>
            <file>file:/local/home/tads/NetBeansProjects/Biblioteca/src/biblioteca/EmprestimoDAO.java</file>
            <file>file:/local/home/tads/NetBeansProjects/Biblioteca/src/biblioteca/EmprestimoForm.java</file>
            <file>file:/local/home/tads/NetBeansProjects/Biblioteca/src/biblioteca/Pessoa.java</file>
            <file>file:/local/home/tads/NetBeansProjects/Biblioteca/src/biblioteca/PessoaDAO.java</file>
            <file>file:/local/home/tads/NetBeansProjects/Biblioteca/src/biblioteca/PessoaForm.java</file>
            <file>file:/local/home/tads/NetBeansProjects/Biblioteca/src/biblioteca/Livro.java</file>
            <file>file:/local/home/tads/NetBeansProjects/Biblioteca/src/biblioteca/ObraDAO.java</file>
            <file>file:/local/home/tads/NetBeansProjects/Biblioteca/src/biblioteca/CdForm.java</file>
        </group>
    </open-files>
</project-private>
