<?xml version="1.0" encoding="UTF-8"?>
<project-private xmlns="http://www.netbeans.org/ns/project-private/1">
    <editor-bookmarks xmlns="http://www.netbeans.org/ns/editor-bookmarks/2" lastBookmarkId="0"/>
    <open-files xmlns="http://www.netbeans.org/ns/projectui-open-files/2">
        <group>
            <file>file:/home/friend/NetBeansProjects/simuladorv2/src/simuladorv2/CarroTunado.java</file>
            <file>file:/home/friend/NetBeansProjects/simuladorv2/src/simuladorv2/Pista.java</file>
            <file>file:/home/friend/NetBeansProjects/simuladorv2/src/simuladorv2/CarroMegaExplosion.java</file>
            <file>file:/home/friend/NetBeansProjects/simuladorv2/src/simuladorv2/SprintBooster.java</file>
            <file>file:/home/friend/NetBeansProjects/simuladorv2/src/simuladorv2/Piloto.java</file>
            <file>file:/home/friend/NetBeansProjects/simuladorv2/src/simuladorv2/TestaConservador.java</file>
            <file>file:/home/friend/NetBeansProjects/simuladorv2/src/simuladorv2/Conservador.java</file>
        </group>
    </open-files>
</project-private>
